,id,name,alias,categories,description,latitude,longitude,address,phone,rating,review_count,review,url,image_url,is_closed,price,hours,transactions,languages,attributes,transit,best_time,delivery,pickup,online_ordering
0,iWwWewcvyeVg1nSkpFiCbg,El Asador de Enrique,el-asador-de-enrique-madrid,"[{'alias': 'steak', 'title': 'Steakhouses'}]",Steakhouses ,40.34858443,-3.70425999,"Calle Arroyo Bueno, 2, 28021 Madrid, Spain",+34917984150,5.0,2,,https://www.yelp.com/biz/el-asador-de-enrique-madrid?adjust_creative=z8U9P3NucyfGO41pAru5Lw&utm_campaign=yelp_api_v3&utm_medium=api_v3_business_search&utm_source=z8U9P3NucyfGO41pAru5Lw,https://s3-media4.fl.yelpcdn.com/bphoto/BDCFzQRS9ZyOuFaDaR-3XA/o.jpg,False,€,,[],,,,,,,
1,Lg8cRZKl9cp6VYDe532RsQ,Tommy Mel's,tommy-mels-leganés,"[{'alias': 'tradamerican', 'title': 'American (Traditional)'}, {'alias': 'burgers', 'title': 'Burgers'}]",American (Traditional) Burgers ,40.3397950597346,-3.73279462692267,"C.C. Parquesur, 28916 Leganés, Spain",+34916804716,4.0,5,"El estilo de comida es americano, hamburguesas, wraps, ensaladas, onion rings. Los empleados muy atentos y rápidos atendiendo.. ",https://www.yelp.com/biz/tommy-mels-legan%C3%A9s?adjust_creative=z8U9P3NucyfGO41pAru5Lw&utm_campaign=yelp_api_v3&utm_medium=api_v3_business_search&utm_source=z8U9P3NucyfGO41pAru5Lw,https://s3-media2.fl.yelpcdn.com/bphoto/2k9zA32-yU1XXVqwPl-eIg/o.jpg,False,€€,,[],,,,,,,
2,u3UMs6PQykRNU2bYxmTPxQ,Bodega La Alegría,bodega-la-alegría-madrid,"[{'alias': 'spanish', 'title': 'Spanish'}]",Spanish ,40.3480297460004,-3.70466206222773,"Calle Doctor Criado, 9, 28021 Madrid, Spain",+34917973040,5.0,1,,https://www.yelp.com/biz/bodega-la-alegr%C3%ADa-madrid?adjust_creative=z8U9P3NucyfGO41pAru5Lw&utm_campaign=yelp_api_v3&utm_medium=api_v3_business_search&utm_source=z8U9P3NucyfGO41pAru5Lw,https://s3-media4.fl.yelpcdn.com/bphoto/DjQeY9ow9c7-xGbCt8d-1Q/o.jpg,False,,,[],,,,,,,
3,Ig0YnNF7hRJtUJbOkj29Dg,El Yate De Vigo,el-yate-de-vigo-madrid,"[{'alias': 'spanish', 'title': 'Spanish'}]",Spanish ,40.3508010083891,-3.6913284931022,"Calle José del Pino, 9, 28021 Madrid, Spain",+34917970052,4.0,1,,https://www.yelp.com/biz/el-yate-de-vigo-madrid?adjust_creative=z8U9P3NucyfGO41pAru5Lw&utm_campaign=yelp_api_v3&utm_medium=api_v3_business_search&utm_source=z8U9P3NucyfGO41pAru5Lw,,False,€,,[],,,,,,,
4,D9eTOt1ALffrdnn5mwfqeA,Taberna La Andaluza,taberna-la-andaluza-madrid,"[{'alias': 'tapas', 'title': 'Tapas Bars'}, {'alias': 'tapasmallplates', 'title': 'Tapas/Small Plates'}]",Tapas Bars Tapas/Small Plates ,40.3802136789814,-3.69530751739332,"Calle de Antonio López, 239, 28041 Madrid, Spain",+34914758912,3.5,10,,https://www.yelp.com/biz/taberna-la-andaluza-madrid?adjust_creative=z8U9P3NucyfGO41pAru5Lw&utm_campaign=yelp_api_v3&utm_medium=api_v3_business_search&utm_source=z8U9P3NucyfGO41pAru5Lw,https://s3-media2.fl.yelpcdn.com/bphoto/LLQkhDviOHxmPoQdQia9eg/o.jpg,False,€€,,[],,,,,,,
5,_hQJYkMy-OD-eTKQh5dUiA,La Casona,la-casona-villaverde,"[{'alias': 'spanish', 'title': 'Spanish'}]",Spanish ,40.3356790253721,-3.71417342641644,"Polígono Industrial La Resina, Calle Ciudad de Frías, 11, 28021 Villaverde, Spain",+34649410054,4.0,1,,https://www.yelp.com/biz/la-casona-villaverde?adjust_creative=z8U9P3NucyfGO41pAru5Lw&utm_campaign=yelp_api_v3&utm_medium=api_v3_business_search&utm_source=z8U9P3NucyfGO41pAru5Lw,https://s3-media3.fl.yelpcdn.com/bphoto/BII48BLzADXgOgtAI8reQg/o.jpg,False,€,,[],,,,,,,
6,Ta1PNTUUmmXzugYVt5J7TQ,Prosperidad,prosperidad-madrid,"[{'alias': 'chinese', 'title': 'Chinese'}]",Chinese ,40.35249,-3.68875,"Calle Martinez Oviol, 13, 28021 Madrid, Spain",+34917956562,5.0,1,,https://www.yelp.com/biz/prosperidad-madrid?adjust_creative=z8U9P3NucyfGO41pAru5Lw&utm_campaign=yelp_api_v3&utm_medium=api_v3_business_search&utm_source=z8U9P3NucyfGO41pAru5Lw,,False,,,[],,,,,,,
7,hVfzXc89GztsgSk8GhbyzA,La Tagliatella,la-tagliatella-leganés,"[{'alias': 'italian', 'title': 'Italian'}]",Italian ,40.3393223782552,-3.73200919427461,"C.C. Parquesur, Calle Francisco Ribera, 28916 Leganés, Spain",+34916851346,3.5,7,,https://www.yelp.com/biz/la-tagliatella-legan%C3%A9s?adjust_creative=z8U9P3NucyfGO41pAru5Lw&utm_campaign=yelp_api_v3&utm_medium=api_v3_business_search&utm_source=z8U9P3NucyfGO41pAru5Lw,https://s3-media4.fl.yelpcdn.com/bphoto/99JLU31aKjg_7Lfx1BdH_A/o.jpg,False,€€,,[],,,,,,,
8,FlqQw0YgluUH1nEn-WkxVw,La Madrina,la-madrina-madrid,"[{'alias': 'latin', 'title': 'Latin American'}, {'alias': 'seafood', 'title': 'Seafood'}]",Latin American Seafood ,40.3440981605283,-3.71351536363363,"Paseo de Alberto Palacios, 50, 28021 Madrid, Spain",+34910811770,5.0,1,,https://www.yelp.com/biz/la-madrina-madrid?adjust_creative=z8U9P3NucyfGO41pAru5Lw&utm_campaign=yelp_api_v3&utm_medium=api_v3_business_search&utm_source=z8U9P3NucyfGO41pAru5Lw,https://s3-media4.fl.yelpcdn.com/bphoto/q-AwNuoFqsJZS0eq6vpRpg/o.jpg,False,,,[],,,,,,,
9,Lcwug-ZKz5AbQv2gmuTExA,Trocadero,trocadero-madrid,"[{'alias': 'tapas', 'title': 'Tapas Bars'}]",Tapas Bars ,40.3540408,-3.6920948,"Calle del Sahara, 50, 28041 Madrid, Spain",+34917956855,5.0,1,,https://www.yelp.com/biz/trocadero-madrid?adjust_creative=z8U9P3NucyfGO41pAru5Lw&utm_campaign=yelp_api_v3&utm_medium=api_v3_business_search&utm_source=z8U9P3NucyfGO41pAru5Lw,https://s3-media1.fl.yelpcdn.com/bphoto/JH44cwRQ-XxCBpN6E5s7hQ/o.jpg,False,,,[],,,,,,,
10,WJNNzNaecKKmdLoj1Zrm6Q,Parquesur,parquesur-leganes-2,"[{'alias': 'chinese', 'title': 'Chinese'}]",Chinese ,40.33664,-3.74128,"Avenida del Rey Juan Carlos I, 79, 28916 Leganes, Spain",+34916804437,4.5,7,,https://www.yelp.com/biz/parquesur-leganes-2?adjust_creative=z8U9P3NucyfGO41pAru5Lw&utm_campaign=yelp_api_v3&utm_medium=api_v3_business_search&utm_source=z8U9P3NucyfGO41pAru5Lw,https://s3-media2.fl.yelpcdn.com/bphoto/73CjTJxemOe4vIrQtePd9A/o.jpg,False,€,,[],,,,,,,
11,YyBnt22Q7vFWSA6_SR24GA,Telepizza,telepizza-madrid-27,"[{'alias': 'pizza', 'title': 'Pizza'}]",Pizza ,40.3469258,-3.705666,"Calle Oxigeno, 10, 28021 Madrid, Spain",+34915051943,3.5,2,,https://www.yelp.com/biz/telepizza-madrid-27?adjust_creative=z8U9P3NucyfGO41pAru5Lw&utm_campaign=yelp_api_v3&utm_medium=api_v3_business_search&utm_source=z8U9P3NucyfGO41pAru5Lw,,False,,,[],,,,,,,
12,DF4j3ruaWJ7fExSvYUgN3Q,Ginos,ginos-leganés-59,"[{'alias': 'italian', 'title': 'Italian'}]",Italian ,40.3383881640134,-3.73269410759776,"Avenida de Gran Bretaña, 1, 28916 Leganés, Spain",+34912759672,3.5,7,,https://www.yelp.com/biz/ginos-legan%C3%A9s-59?adjust_creative=z8U9P3NucyfGO41pAru5Lw&utm_campaign=yelp_api_v3&utm_medium=api_v3_business_search&utm_source=z8U9P3NucyfGO41pAru5Lw,https://s3-media1.fl.yelpcdn.com/bphoto/tstt_bK_-kpVUf9ThDcLWg/o.jpg,False,€€,,[],,,,,,,
13,VJMYzxl7gtgfi_HWAj4Ffg,Tommy Mel's,tommy-mels-madrid-8,"[{'alias': 'burgers', 'title': 'Burgers'}, {'alias': 'diners', 'title': 'Diners'}, {'alias': 'tradamerican', 'title': 'American (Traditional)'}]",Burgers Diners American (Traditional) ,40.363861,-3.738445,"C.C. Islazul, Calle Calderilla, 1, 28054 Madrid, Spain",+34915085108,3.5,3,,https://www.yelp.com/biz/tommy-mels-madrid-8?adjust_creative=z8U9P3NucyfGO41pAru5Lw&utm_campaign=yelp_api_v3&utm_medium=api_v3_business_search&utm_source=z8U9P3NucyfGO41pAru5Lw,https://s3-media1.fl.yelpcdn.com/bphoto/Mh1-iK2_DyMSmlHSZj2Glg/o.jpg,False,€,,[],,,,,,,
14,C0xy-kUZrZMm-anwxwsTag,Tocarada,tocarada-madrid,"[{'alias': 'coffee', 'title': 'Coffee & Tea'}]",Coffee & Tea ,40.3659703,-3.7097916,"Calle Dodge 2, 28041 Madrid, Spain",+34913411486,4.5,2,,https://www.yelp.com/biz/tocarada-madrid?adjust_creative=z8U9P3NucyfGO41pAru5Lw&utm_campaign=yelp_api_v3&utm_medium=api_v3_business_search&utm_source=z8U9P3NucyfGO41pAru5Lw,https://s3-media4.fl.yelpcdn.com/bphoto/NnhsFRQVhHJnjwfpmcEizA/o.jpg,False,€€,,[],,,,,,,
15,CoI924ylWEvD3X-PBTKJ7g,Asador Enrique,asador-enrique-madrid,"[{'alias': 'steak', 'title': 'Steakhouses'}]",Steakhouses ,40.3485,-3.70213,"Calle Arroyo Bueno 2, 28021 Madrid, Spain",+34917966303,5.0,1,,https://www.yelp.com/biz/asador-enrique-madrid?adjust_creative=z8U9P3NucyfGO41pAru5Lw&utm_campaign=yelp_api_v3&utm_medium=api_v3_business_search&utm_source=z8U9P3NucyfGO41pAru5Lw,,False,,,[],,,,,,,
16,E_4Pplemn_2IUPESH9oJXw,La Buena Sidra,la-buena-sidra-madrid,"[{'alias': 'asturian', 'title': 'Asturian'}]",Asturian ,40.3458214,-3.70837,"Calle de la Fuente, 9, 28021 Madrid, Spain",+34911703960,1.0,1,,https://www.yelp.com/biz/la-buena-sidra-madrid?adjust_creative=z8U9P3NucyfGO41pAru5Lw&utm_campaign=yelp_api_v3&utm_medium=api_v3_business_search&utm_source=z8U9P3NucyfGO41pAru5Lw,https://s3-media4.fl.yelpcdn.com/bphoto/w5J0jycVYBwf2G_sYVsgxQ/o.jpg,False,,,[],,,,,,,
17,9_pshzFwhr7ei7tbxjZayA,Changó,changó-leganés-4,"[{'alias': 'bbq', 'title': 'Barbeque'}, {'alias': 'cocktailbars', 'title': 'Cocktail Bars'}]",Barbeque Cocktail Bars ,40.33598,-3.73598,"Parque del Carrascal, s/n, 28916 Leganés, Spain",+34917650487,4.5,2,,https://www.yelp.com/biz/chang%C3%B3-legan%C3%A9s-4?adjust_creative=z8U9P3NucyfGO41pAru5Lw&utm_campaign=yelp_api_v3&utm_medium=api_v3_business_search&utm_source=z8U9P3NucyfGO41pAru5Lw,https://s3-media1.fl.yelpcdn.com/bphoto/bSUdReMjbmgWQOhM1_H8Iw/o.jpg,False,,,[],,,,,,,
18,9-ZknBjC4gvaGbueI-9XlA,El Sabroso,el-sabroso-leganés-2,"[{'alias': 'chickenshop', 'title': 'Chicken Shop'}, {'alias': 'hotdogs', 'title': 'Fast Food'}, {'alias': 'arroceria_paella', 'title': 'Arroceria / Paella'}]",Chicken Shop Fast Food Arroceria / Paella ,40.338951,-3.735479,"Avenida de Gran Bretaña, s/n, 28916 Leganés, Spain",+34916807250,4.5,3,,https://www.yelp.com/biz/el-sabroso-legan%C3%A9s-2?adjust_creative=z8U9P3NucyfGO41pAru5Lw&utm_campaign=yelp_api_v3&utm_medium=api_v3_business_search&utm_source=z8U9P3NucyfGO41pAru5Lw,https://s3-media2.fl.yelpcdn.com/bphoto/51awsI0VQ65Aho6zeurCmQ/o.jpg,False,€,,[],,,,,,,
19,iGiH69fO-ur5x17U-3M0uw,Ribs,ribs-leganés,"[{'alias': 'tradamerican', 'title': 'American (Traditional)'}, {'alias': 'bbq', 'title': 'Barbeque'}, {'alias': 'burgers', 'title': 'Burgers'}]",American (Traditional) Barbeque Burgers ,40.338702,-3.732682,"Avenida de Gran Bretaña, s/n, 28916 Leganés, Spain",+34916884723,2.0,4,,https://www.yelp.com/biz/ribs-legan%C3%A9s?adjust_creative=z8U9P3NucyfGO41pAru5Lw&utm_campaign=yelp_api_v3&utm_medium=api_v3_business_search&utm_source=z8U9P3NucyfGO41pAru5Lw,https://s3-media1.fl.yelpcdn.com/bphoto/3V00ieSkS1a7sLBMy1xhUg/o.jpg,False,€€,,[],,,,,,,
20,f9xnS4rIUQAwLCo6KZggkg,El Balcón del Parque,el-balcón-del-parque-getafe-2,"[{'alias': 'spanish', 'title': 'Spanish'}, {'alias': 'bars', 'title': 'Bars'}]",Spanish Bars ,40.3253667057859,-3.73721301555634,"Avenida Buenos Aires, s/n, 28907 Getafe, Spain",+34918275704,4.0,2,,https://www.yelp.com/biz/el-balc%C3%B3n-del-parque-getafe-2?adjust_creative=z8U9P3NucyfGO41pAru5Lw&utm_campaign=yelp_api_v3&utm_medium=api_v3_business_search&utm_source=z8U9P3NucyfGO41pAru5Lw,https://s3-media2.fl.yelpcdn.com/bphoto/b9X3Df6CAH0BZKZcdBCaIg/o.jpg,False,,,[],,,,,,,
21,PIReMOwfZdekLFuOw2ilVg,Pizzeria VK,pizzeria-vk-madrid,"[{'alias': 'italian', 'title': 'Italian'}, {'alias': 'pizza', 'title': 'Pizza'}]",Italian Pizza ,40.3810393,-3.6524621,"Avenida Pablo Neruda, 75, 28038 Madrid, Spain",+34914775675,5.0,1,,https://www.yelp.com/biz/pizzeria-vk-madrid?adjust_creative=z8U9P3NucyfGO41pAru5Lw&utm_campaign=yelp_api_v3&utm_medium=api_v3_business_search&utm_source=z8U9P3NucyfGO41pAru5Lw,https://s3-media3.fl.yelpcdn.com/bphoto/PnZo_AIP_WxtwLBTF6zQFg/o.jpg,False,€€,,[],,,,,,,
22,L6ffu-Efutagn0X_V846mA,Foster's Hollywood,fosters-hollywood-leganés,"[{'alias': 'tradamerican', 'title': 'American (Traditional)'}, {'alias': 'burgers', 'title': 'Burgers'}]",American (Traditional) Burgers ,40.338368,-3.733107,"Avenida de Gran Bretaña, s/n, 28916 Leganés, Spain",+34914810070,3.0,5,,https://www.yelp.com/biz/fosters-hollywood-legan%C3%A9s?adjust_creative=z8U9P3NucyfGO41pAru5Lw&utm_campaign=yelp_api_v3&utm_medium=api_v3_business_search&utm_source=z8U9P3NucyfGO41pAru5Lw,https://s3-media1.fl.yelpcdn.com/bphoto/cYaclpjO6jrFh0mmSXByoA/o.jpg,False,€€,,[],,,,,,,
23,mqbNIyq0hJ24bPDxa1-cSg,Five Guys,five-guys-madrid-25,"[{'alias': 'burgers', 'title': 'Burgers'}, {'alias': 'hotdogs', 'title': 'Fast Food'}]",Burgers Fast Food ,40.339642,-3.733363,"Avenida de Gran Bretaña, s/n, 28916 Madrid, Spain",+34916871878,5.0,1,,https://www.yelp.com/biz/five-guys-madrid-25?adjust_creative=z8U9P3NucyfGO41pAru5Lw&utm_campaign=yelp_api_v3&utm_medium=api_v3_business_search&utm_source=z8U9P3NucyfGO41pAru5Lw,https://s3-media1.fl.yelpcdn.com/bphoto/_j47ChXTBiBFbMXrm1znEQ/o.jpg,False,,,[],,,,,,,
24,yvEmKOm7mv9BQARDuChGKA,VIPS,vips-madrid-1743,"[{'alias': 'breakfast_brunch', 'title': 'Breakfast & Brunch'}, {'alias': 'tradamerican', 'title': 'American (Traditional)'}]",Breakfast & Brunch American (Traditional) ,40.3628622,-3.7393958,"Calle Calderilla, 1, 28054 Madrid, Spain",+34638572619,1.0,1,,https://www.yelp.com/biz/vips-madrid-1743?adjust_creative=z8U9P3NucyfGO41pAru5Lw&utm_campaign=yelp_api_v3&utm_medium=api_v3_business_search&utm_source=z8U9P3NucyfGO41pAru5Lw,https://s3-media2.fl.yelpcdn.com/bphoto/8iNEMQH9Pew42UBzKRlwOw/o.jpg,False,€,,[],,,,,,,
25,Xakpj-zRC0HBVWdyZpWImQ,El Zaguan,el-zaguan-madrid-2,"[{'alias': 'spanish', 'title': 'Spanish'}]",Spanish ,40.3537477030314,-3.69265294848241,"Calle Sáhara, 41, 28041 Madrid, Spain",,4.0,1,,https://www.yelp.com/biz/el-zaguan-madrid-2?adjust_creative=z8U9P3NucyfGO41pAru5Lw&utm_campaign=yelp_api_v3&utm_medium=api_v3_business_search&utm_source=z8U9P3NucyfGO41pAru5Lw,https://s3-media2.fl.yelpcdn.com/bphoto/OD4wmF4JhSQ_Pn7P2V0-6g/o.jpg,False,,,[],,,,,,,
26,G6FDEYzbu8cknm1cKjZTrQ,Tejas verdes,tejas-verdes-madrid,"[{'alias': 'restaurants', 'title': 'Restaurants'}]",Restaurants ,40.376118,-3.669078,"A1 Salida 14 -17, 28053 Madrid, Spain",+34916527307,4.0,1,,https://www.yelp.com/biz/tejas-verdes-madrid?adjust_creative=z8U9P3NucyfGO41pAru5Lw&utm_campaign=yelp_api_v3&utm_medium=api_v3_business_search&utm_source=z8U9P3NucyfGO41pAru5Lw,,False,,,[],,,,,,,
27,YsGg5ioWbnZE3M71JhiWeg,Arrocería Da' Gusto,arrocería-dá-gusto-madrid,"[{'alias': 'tapasmallplates', 'title': 'Tapas/Small Plates'}, {'alias': 'arroceria_paella', 'title': 'Arroceria / Paella'}]",Tapas/Small Plates Arroceria / Paella ,40.37356,-3.72689,"Avenida de los Poblados, 131, 28024 Madrid, Spain",+34913410731,4.0,1,,https://www.yelp.com/biz/arrocer%C3%ADa-d%C3%A1-gusto-madrid?adjust_creative=z8U9P3NucyfGO41pAru5Lw&utm_campaign=yelp_api_v3&utm_medium=api_v3_business_search&utm_source=z8U9P3NucyfGO41pAru5Lw,https://s3-media2.fl.yelpcdn.com/bphoto/270qm_fp7ViSaSpmU55elA/o.jpg,False,€€€,,[],,,,,,,
28,OBJY0c-iyPVhPo-wK4uJLQ,Basant,basant-getafe,"[{'alias': 'indpak', 'title': 'Indian'}, {'alias': 'italian', 'title': 'Italian'}]",Indian Italian ,40.321983,-3.739746,"Calle Guanabacoa, 9, 28907 Getafe, Spain",+34675026008,4.0,2,,https://www.yelp.com/biz/basant-getafe?adjust_creative=z8U9P3NucyfGO41pAru5Lw&utm_campaign=yelp_api_v3&utm_medium=api_v3_business_search&utm_source=z8U9P3NucyfGO41pAru5Lw,https://s3-media3.fl.yelpcdn.com/bphoto/OPShACCGf1DOR8pc2UzIgg/o.jpg,False,,,[],,,,,,,
29,kjtjc2t0F026b17OTCWmFQ,Salad & Co,salad-y-co-leganés,"[{'alias': 'salad', 'title': 'Salad'}]",Salad ,40.3404388,-3.73981,"Avenida de Gran Bretaña, 50, Leganés, 28916 Leganés, Spain",+34916809891,3.5,12,,https://www.yelp.com/biz/salad-y-co-legan%C3%A9s?adjust_creative=z8U9P3NucyfGO41pAru5Lw&utm_campaign=yelp_api_v3&utm_medium=api_v3_business_search&utm_source=z8U9P3NucyfGO41pAru5Lw,https://s3-media2.fl.yelpcdn.com/bphoto/WXVZboBeBxY7uwt6rBNLTg/o.jpg,False,€,,[],,,,,,,
30,4Qb3OpDjFZyn7w2UlufeQQ,Pollos al Carbón,pollos-al-carbón-getafe,"[{'alias': 'rotisserie_chicken', 'title': 'Rotisserie Chicken'}]",Rotisserie Chicken ,40.3136360704811,-3.72695256024599,"Calle Madrid, 122, 28903 Getafe, Spain",+34910511638,5.0,1,,https://www.yelp.com/biz/pollos-al-carb%C3%B3n-getafe?adjust_creative=z8U9P3NucyfGO41pAru5Lw&utm_campaign=yelp_api_v3&utm_medium=api_v3_business_search&utm_source=z8U9P3NucyfGO41pAru5Lw,https://s3-media3.fl.yelpcdn.com/bphoto/wzpMsSx9cgRaE4wBf7fLRA/o.jpg,False,,,[],,,,,,,
31,cq-ik4hEEpeSz8LamtDpqw,Maytetxu,maytetxu-madrid,"[{'alias': 'spanish', 'title': 'Spanish'}]",Spanish ,40.34659,-3.67684,"Calle de Berrocal, 5, 28021 Madrid, Spain",+34919040686,3.0,2,,https://www.yelp.com/biz/maytetxu-madrid?adjust_creative=z8U9P3NucyfGO41pAru5Lw&utm_campaign=yelp_api_v3&utm_medium=api_v3_business_search&utm_source=z8U9P3NucyfGO41pAru5Lw,https://s3-media4.fl.yelpcdn.com/bphoto/yaTIe2-1FiffgvTzXCz6WQ/o.jpg,False,,,[],,,,,,,
32,LWt4vPgEi89TJj8nYEL9qA,VIPS,vips-leganés-66,"[{'alias': 'breakfast_brunch', 'title': 'Breakfast & Brunch'}, {'alias': 'tradamerican', 'title': 'American (Traditional)'}]",Breakfast & Brunch American (Traditional) ,40.338329,-3.733282,"1G Avenida Gran Bretaña, 28916 Leganés, Spain",+34638561284,3.0,1,,https://www.yelp.com/biz/vips-legan%C3%A9s-66?adjust_creative=z8U9P3NucyfGO41pAru5Lw&utm_campaign=yelp_api_v3&utm_medium=api_v3_business_search&utm_source=z8U9P3NucyfGO41pAru5Lw,https://s3-media2.fl.yelpcdn.com/bphoto/W0fOtYCMnlhqocWXy1Mpfg/o.jpg,False,€€,,[],,,,,,,
33,4dfC1g_d_n6LXWLM4EY-9Q,Kebab & Fried Chicken,kebab-y-fried-chicken-getafe,"[{'alias': 'kebab', 'title': 'Kebab'}]",Kebab ,40.3138132,-3.7272351,"Calle Madrid, 124, 28903 Getafe, Spain",+34916951062,4.0,1,,https://www.yelp.com/biz/kebab-y-fried-chicken-getafe?adjust_creative=z8U9P3NucyfGO41pAru5Lw&utm_campaign=yelp_api_v3&utm_medium=api_v3_business_search&utm_source=z8U9P3NucyfGO41pAru5Lw,https://s3-media2.fl.yelpcdn.com/bphoto/yKYLiwRBfk4IfUThL3283g/o.jpg,False,,,[],,,,,,,
34,m7njawGN-GUr0KIM0G-Sww,Gastrobar,gastrobar-madrid,"[{'alias': 'gastropubs', 'title': 'Gastropubs'}]",Gastropubs ,40.3359781728659,-3.71120799102444,"Avenida Real de Pinto, 87, 28021 Madrid, Spain",,5.0,1,,https://www.yelp.com/biz/gastrobar-madrid?adjust_creative=z8U9P3NucyfGO41pAru5Lw&utm_campaign=yelp_api_v3&utm_medium=api_v3_business_search&utm_source=z8U9P3NucyfGO41pAru5Lw,https://s3-media2.fl.yelpcdn.com/bphoto/-q0S7TMhqeX6dj4coioD5g/o.jpg,False,,,[],,,,,,,
35,2TkWB3yd6n4JfHLMsdWxWQ,vadepizza,vadepizza-madrid-6,"[{'alias': 'pizza', 'title': 'Pizza'}]",Pizza ,40.321714,-3.720846,"Ofelia Nieto 40 Calle, 28903 Madrid, Spain",+34913119038,4.0,1,,https://www.yelp.com/biz/vadepizza-madrid-6?adjust_creative=z8U9P3NucyfGO41pAru5Lw&utm_campaign=yelp_api_v3&utm_medium=api_v3_business_search&utm_source=z8U9P3NucyfGO41pAru5Lw,,False,,,[],,,,,,,
36,Bs_KhdM6Pp8EN38SvPgQ-Q,mcdonals,mcdonals-madrid-2,"[{'alias': 'tradamerican', 'title': 'American (Traditional)'}]",American (Traditional) ,40.336856,-3.692601,"avenida de andalucia, 28024 Madrid, Spain",,3.0,1,,https://www.yelp.com/biz/mcdonals-madrid-2?adjust_creative=z8U9P3NucyfGO41pAru5Lw&utm_campaign=yelp_api_v3&utm_medium=api_v3_business_search&utm_source=z8U9P3NucyfGO41pAru5Lw,,False,,,[],,,,,,,
37,yPFBtsp6Dk9E45mYvwNiJQ,Udon,udon-leganés,"[{'alias': 'japanese', 'title': 'Japanese'}, {'alias': 'asianfusion', 'title': 'Asian Fusion'}]",Japanese Asian Fusion ,40.34071,-3.74311,"Centro Comercial Parquesur, Avenida de Gran Bretaña, s/n, 28916 Leganés, Spain",+34910121099,3.0,3,,https://www.yelp.com/biz/udon-legan%C3%A9s?adjust_creative=z8U9P3NucyfGO41pAru5Lw&utm_campaign=yelp_api_v3&utm_medium=api_v3_business_search&utm_source=z8U9P3NucyfGO41pAru5Lw,https://s3-media2.fl.yelpcdn.com/bphoto/pBbvmVXNApZXuBD-8Ix_Cw/o.jpg,False,€€,,[],,,,,,,
38,8zS0miyXQIxbSHlQTv8wAQ,Ortiz,ortiz-madrid,"[{'alias': 'spanish', 'title': 'Spanish'}]",Spanish ,40.333901,-3.7138289,"Calle Cdad. de Frías,  2B, 28021 Madrid, Spain",+34917988322,5.0,1,,https://www.yelp.com/biz/ortiz-madrid?adjust_creative=z8U9P3NucyfGO41pAru5Lw&utm_campaign=yelp_api_v3&utm_medium=api_v3_business_search&utm_source=z8U9P3NucyfGO41pAru5Lw,https://s3-media1.fl.yelpcdn.com/bphoto/naMSX3A08heiiijg-JX-Pg/o.jpg,False,,,[],,,,,,,
39,YDHUkegQU6BjGka5jiVUrg,KFC,kfc-leganés-2,"[{'alias': 'hotdogs', 'title': 'Fast Food'}, {'alias': 'chickenshop', 'title': 'Chicken Shop'}]",Fast Food Chicken Shop ,40.339089876904,-3.73013385390618,"Avenida de la Gran Bretaña, 1, 28912 Leganés, Spain",+34916803794,3.5,4,,https://www.yelp.com/biz/kfc-legan%C3%A9s-2?adjust_creative=z8U9P3NucyfGO41pAru5Lw&utm_campaign=yelp_api_v3&utm_medium=api_v3_business_search&utm_source=z8U9P3NucyfGO41pAru5Lw,https://s3-media1.fl.yelpcdn.com/bphoto/ogJyXHR1QDbAZ1CqK2FIOg/o.jpg,False,€,,[],,,,,,,
40,CEoo-GWk34MfGUDrp-p0Gw,Baco Getafe,baco-getafe-getafe,"[{'alias': 'spanish', 'title': 'Spanish'}]",Spanish ,40.3149109,-3.7330201,"Calle Terradas, 8, 28903 Getafe, Spain",+34911923123,2.5,2,,https://www.yelp.com/biz/baco-getafe-getafe?adjust_creative=z8U9P3NucyfGO41pAru5Lw&utm_campaign=yelp_api_v3&utm_medium=api_v3_business_search&utm_source=z8U9P3NucyfGO41pAru5Lw,https://s3-media4.fl.yelpcdn.com/bphoto/UGH52alqWSqXqW4P1RyD7Q/o.jpg,False,€€,,[],,,,,,,
41,3_GUAwcq2_djmyQ9ZkOyCg,Evin,evin-madrid,"[{'alias': 'pizza', 'title': 'Pizza'}, {'alias': 'turkish', 'title': 'Turkish'}]",Pizza Turkish ,40.38135,-3.65201,"Avenida de Pablo Neruda, 75, 28018 Madrid, Spain",,5.0,2,,https://www.yelp.com/biz/evin-madrid?adjust_creative=z8U9P3NucyfGO41pAru5Lw&utm_campaign=yelp_api_v3&utm_medium=api_v3_business_search&utm_source=z8U9P3NucyfGO41pAru5Lw,https://s3-media3.fl.yelpcdn.com/bphoto/fLocAgH4PHxQ0oU9HgE8Zg/o.jpg,False,,,[],,,,,,,
42,gANkSXE7PSniDzrKu1C4Bw,Taco Bell,taco-bell-madrid-7,"[{'alias': 'mexican', 'title': 'Mexican'}]",Mexican ,40.3640693,-3.7393118,"Calle de la Calderilla, 1, 28054 Madrid, Spain",+34670004630,2.0,2,"Mexican fastfood.. It's ok, ordered a big box of different items to share, some where better than other. Would'nt recommend the tacos or soft tortillas. ",https://www.yelp.com/biz/taco-bell-madrid-7?adjust_creative=z8U9P3NucyfGO41pAru5Lw&utm_campaign=yelp_api_v3&utm_medium=api_v3_business_search&utm_source=z8U9P3NucyfGO41pAru5Lw,https://s3-media4.fl.yelpcdn.com/bphoto/HTck8MA_acQN5ZV_b0CdZQ/o.jpg,False,€,,[],,,,,,,
43,YY3aKA90Po-cGjokKrSZ_Q,Sushita Café,sushita-café-leganés,"[{'alias': 'sushi', 'title': 'Sushi Bars'}]",Sushi Bars ,40.3388228935555,-3.73220432549715,"Avenida de Gran Bretaña, s/n, 28916 Leganés, Spain",+34918315237,1.0,1,,https://www.yelp.com/biz/sushita-caf%C3%A9-legan%C3%A9s?adjust_creative=z8U9P3NucyfGO41pAru5Lw&utm_campaign=yelp_api_v3&utm_medium=api_v3_business_search&utm_source=z8U9P3NucyfGO41pAru5Lw,https://s3-media4.fl.yelpcdn.com/bphoto/WAiCG1qvZ-okqbFaDWvuhA/o.jpg,False,,,[],,,,,,,
44,R9S01KVHXkxT6MqkFBcRSw,La Peña Soriana,la-peña-soriana-madrid-3,"[{'alias': 'tapas', 'title': 'Tapas Bars'}]",Tapas Bars ,40.36647,-3.71433,"Calle Ordicia, 23, 28041 Madrid, Spain",,4.0,1,,https://www.yelp.com/biz/la-pe%C3%B1a-soriana-madrid-3?adjust_creative=z8U9P3NucyfGO41pAru5Lw&utm_campaign=yelp_api_v3&utm_medium=api_v3_business_search&utm_source=z8U9P3NucyfGO41pAru5Lw,https://s3-media3.fl.yelpcdn.com/bphoto/Uol3K5uLWvngn3xs8hpNVg/o.jpg,False,€€,,[],,,,,,,
45,HCl3CDByIsjKnz5nMRdt1w,La Terracita,la-terracita-madrid,"[{'alias': 'bbq', 'title': 'Barbeque'}]",Barbeque ,40.37818,-3.71402,"Calle del Parque de la Paloma, 3, 28026 Madrid, Spain",+34616575731,4.0,2,,https://www.yelp.com/biz/la-terracita-madrid?adjust_creative=z8U9P3NucyfGO41pAru5Lw&utm_campaign=yelp_api_v3&utm_medium=api_v3_business_search&utm_source=z8U9P3NucyfGO41pAru5Lw,https://s3-media4.fl.yelpcdn.com/bphoto/5N04YJSifAEhQiiMEGz2EQ/o.jpg,False,,,[],,,,,,,
46,w8LkLORAZXlqQxK9cmadhw,Ginos,ginos-madrid-1476,"[{'alias': 'italian', 'title': 'Italian'}]",Italian ,40.362942,-3.739486,"Calle Calderilla, 1, 28054 Madrid, Spain",+34918362001,3.0,1,,https://www.yelp.com/biz/ginos-madrid-1476?adjust_creative=z8U9P3NucyfGO41pAru5Lw&utm_campaign=yelp_api_v3&utm_medium=api_v3_business_search&utm_source=z8U9P3NucyfGO41pAru5Lw,https://s3-media2.fl.yelpcdn.com/bphoto/vsDWidQz1ufmxWtqT7exRg/o.jpg,False,,,[],,,,,,,
47,J9zZ8joopUBWLjISbgNMeA,100 Montaditos,100-montaditos-madrid-17,"[{'alias': 'beerbar', 'title': 'Beer Bar'}, {'alias': 'sandwiches', 'title': 'Sandwiches'}]",Beer Bar Sandwiches ,40.3812,-3.66131,"Avenida Pablo Neruda, 91, 28018 Madrid, Spain",+34917856755,4.5,2,,https://www.yelp.com/biz/100-montaditos-madrid-17?adjust_creative=z8U9P3NucyfGO41pAru5Lw&utm_campaign=yelp_api_v3&utm_medium=api_v3_business_search&utm_source=z8U9P3NucyfGO41pAru5Lw,,False,,,[],,,,,,,
48,SzXgxDOwOFbDkdXiUWbMxw,Kristin,kristin-madrid,"[{'alias': 'restaurants', 'title': 'Restaurants'}]",Restaurants ,40.37798,-3.69106,"Calle de San Mario, 25, 28041 Madrid, Spain",+34915002387,4.0,2,,https://www.yelp.com/biz/kristin-madrid?adjust_creative=z8U9P3NucyfGO41pAru5Lw&utm_campaign=yelp_api_v3&utm_medium=api_v3_business_search&utm_source=z8U9P3NucyfGO41pAru5Lw,https://s3-media2.fl.yelpcdn.com/bphoto/Cz_dxJo-p0g2saU4CkilcQ/o.jpg,False,,,[],,,,,,,
49,Ds1hXSuxJWa_-f3Xd0AYbw,La Casona de Butarque,la-casona-de-butarque-leganés-2,"[{'alias': 'spanish', 'title': 'Spanish'}]",Spanish ,40.3256,-3.74187,"Calle Puig Adam, 12, 28914 Leganés, Spain",+34916878111,4.0,5,,https://www.yelp.com/biz/la-casona-de-butarque-legan%C3%A9s-2?adjust_creative=z8U9P3NucyfGO41pAru5Lw&utm_campaign=yelp_api_v3&utm_medium=api_v3_business_search&utm_source=z8U9P3NucyfGO41pAru5Lw,https://s3-media3.fl.yelpcdn.com/bphoto/jEXtS6JY2SC-KUWDDIWTfQ/o.jpg,False,€€€,,[],,,,,,,
